
-- Insert demo categories
INSERT INTO public.product_categories (id, name) VALUES
  ('a0000000-0000-0000-0000-000000000001', 'Raw Materials'),
  ('a0000000-0000-0000-0000-000000000002', 'Furniture'),
  ('a0000000-0000-0000-0000-000000000003', 'Electronics'),
  ('a0000000-0000-0000-0000-000000000004', 'Supplies'),
  ('a0000000-0000-0000-0000-000000000005', 'Machinery'),
  ('a0000000-0000-0000-0000-000000000006', 'Safety');

-- Insert demo warehouses
INSERT INTO public.warehouses (id, name, address) VALUES
  ('b0000000-0000-0000-0000-000000000001', 'Main Warehouse', '123 Industrial Ave'),
  ('b0000000-0000-0000-0000-000000000002', 'Secondary Store', '456 Commerce St'),
  ('b0000000-0000-0000-0000-000000000003', 'Production Floor', '789 Factory Rd');

-- Insert demo locations
INSERT INTO public.locations (id, warehouse_id, name) VALUES
  ('c0000000-0000-0000-0000-000000000001', 'b0000000-0000-0000-0000-000000000001', 'Rack A'),
  ('c0000000-0000-0000-0000-000000000002', 'b0000000-0000-0000-0000-000000000001', 'Rack B'),
  ('c0000000-0000-0000-0000-000000000003', 'b0000000-0000-0000-0000-000000000002', 'Rack C'),
  ('c0000000-0000-0000-0000-000000000004', 'b0000000-0000-0000-0000-000000000003', 'Production Line'),
  ('c0000000-0000-0000-0000-000000000005', 'b0000000-0000-0000-0000-000000000003', 'Dispatch Area');

-- Insert demo products
INSERT INTO public.products (id, name, sku, category_id, unit, min_stock) VALUES
  ('d0000000-0000-0000-0000-000000000001', 'Steel Rods', 'STL-001', 'a0000000-0000-0000-0000-000000000001', 'kg', 100),
  ('d0000000-0000-0000-0000-000000000002', 'Copper Wire', 'CPR-002', 'a0000000-0000-0000-0000-000000000001', 'm', 50),
  ('d0000000-0000-0000-0000-000000000003', 'Office Chair', 'FRN-003', 'a0000000-0000-0000-0000-000000000002', 'pcs', 20),
  ('d0000000-0000-0000-0000-000000000004', 'LED Monitor', 'ELC-004', 'a0000000-0000-0000-0000-000000000003', 'pcs', 15),
  ('d0000000-0000-0000-0000-000000000005', 'Packaging Tape', 'PKG-005', 'a0000000-0000-0000-0000-000000000004', 'rolls', 50),
  ('d0000000-0000-0000-0000-000000000006', 'Hydraulic Pump', 'MCH-006', 'a0000000-0000-0000-0000-000000000005', 'pcs', 10),
  ('d0000000-0000-0000-0000-000000000007', 'Safety Helmets', 'SAF-007', 'a0000000-0000-0000-0000-000000000006', 'pcs', 30),
  ('d0000000-0000-0000-0000-000000000008', 'Welding Rods', 'WLD-008', 'a0000000-0000-0000-0000-000000000001', 'kg', 25);

-- Insert demo stock
INSERT INTO public.stock (product_id, location_id, quantity) VALUES
  ('d0000000-0000-0000-0000-000000000001', 'c0000000-0000-0000-0000-000000000001', 300),
  ('d0000000-0000-0000-0000-000000000001', 'c0000000-0000-0000-0000-000000000002', 150),
  ('d0000000-0000-0000-0000-000000000002', 'c0000000-0000-0000-0000-000000000002', 30),
  ('d0000000-0000-0000-0000-000000000003', 'c0000000-0000-0000-0000-000000000003', 85),
  ('d0000000-0000-0000-0000-000000000004', 'c0000000-0000-0000-0000-000000000001', 12),
  ('d0000000-0000-0000-0000-000000000005', 'c0000000-0000-0000-0000-000000000001', 200),
  ('d0000000-0000-0000-0000-000000000006', 'c0000000-0000-0000-0000-000000000004', 5),
  ('d0000000-0000-0000-0000-000000000007', 'c0000000-0000-0000-0000-000000000005', 150),
  ('d0000000-0000-0000-0000-000000000008', 'c0000000-0000-0000-0000-000000000001', 8);

-- Insert 3 validated receipts
INSERT INTO public.receipts (id, reference, supplier, warehouse_id, status, date) VALUES
  ('e0000000-0000-0000-0000-000000000001', 'RC-1001', 'Supplier A', 'b0000000-0000-0000-0000-000000000001', 'completed', '2026-03-10'),
  ('e0000000-0000-0000-0000-000000000002', 'RC-1002', 'Supplier C', 'b0000000-0000-0000-0000-000000000002', 'completed', '2026-03-11'),
  ('e0000000-0000-0000-0000-000000000003', 'RC-1003', 'Supplier B', 'b0000000-0000-0000-0000-000000000001', 'completed', '2026-03-12');
INSERT INTO public.receipt_lines (receipt_id, product_id, location_id, quantity) VALUES
  ('e0000000-0000-0000-0000-000000000001', 'd0000000-0000-0000-0000-000000000001', 'c0000000-0000-0000-0000-000000000001', 200),
  ('e0000000-0000-0000-0000-000000000002', 'd0000000-0000-0000-0000-000000000007', 'c0000000-0000-0000-0000-000000000005', 50),
  ('e0000000-0000-0000-0000-000000000003', 'd0000000-0000-0000-0000-000000000005', 'c0000000-0000-0000-0000-000000000001', 100);

-- Insert 2 validated deliveries
INSERT INTO public.deliveries (id, reference, customer, warehouse_id, status, date) VALUES
  ('f0000000-0000-0000-0000-000000000001', 'DO-2001', 'Client X', 'b0000000-0000-0000-0000-000000000002', 'completed', '2026-03-10'),
  ('f0000000-0000-0000-0000-000000000002', 'DO-2002', 'Client Y', 'b0000000-0000-0000-0000-000000000001', 'completed', '2026-03-11');
INSERT INTO public.delivery_lines (delivery_id, product_id, location_id, quantity) VALUES
  ('f0000000-0000-0000-0000-000000000001', 'd0000000-0000-0000-0000-000000000003', 'c0000000-0000-0000-0000-000000000003', 15),
  ('f0000000-0000-0000-0000-000000000002', 'd0000000-0000-0000-0000-000000000001', 'c0000000-0000-0000-0000-000000000001', 50);

-- Insert 1 pending transfer
INSERT INTO public.transfers (id, reference, from_location_id, to_location_id, status, date) VALUES
  ('10000000-0000-0000-0000-000000000001', 'TR-3001', 'c0000000-0000-0000-0000-000000000001', 'c0000000-0000-0000-0000-000000000003', 'pending', '2026-03-14');
INSERT INTO public.transfer_lines (transfer_id, product_id, quantity) VALUES
  ('10000000-0000-0000-0000-000000000001', 'd0000000-0000-0000-0000-000000000001', 50);

-- Insert adjustment logs
INSERT INTO public.adjustments (reference, product_id, location_id, recorded_qty, counted_qty, difference, reason, status, date) VALUES
  ('ADJ-4001', 'd0000000-0000-0000-0000-000000000004', 'c0000000-0000-0000-0000-000000000001', 15, 12, -3, 'Physical count mismatch', 'completed', '2026-03-12'),
  ('ADJ-4002', 'd0000000-0000-0000-0000-000000000008', 'c0000000-0000-0000-0000-000000000001', 10, 8, -2, 'Damaged goods', 'completed', '2026-03-13');

-- Insert stock ledger entries
INSERT INTO public.stock_ledger (type, reference, product_id, location_id, quantity, from_location, to_location, notes) VALUES
  ('receipt', 'RC-1001', 'd0000000-0000-0000-0000-000000000001', 'c0000000-0000-0000-0000-000000000001', 200, 'Supplier A', 'Rack A', 'Validated receipt'),
  ('receipt', 'RC-1002', 'd0000000-0000-0000-0000-000000000007', 'c0000000-0000-0000-0000-000000000005', 50, 'Supplier C', 'Dispatch Area', 'Validated receipt'),
  ('receipt', 'RC-1003', 'd0000000-0000-0000-0000-000000000005', 'c0000000-0000-0000-0000-000000000001', 100, 'Supplier B', 'Rack A', 'Validated receipt'),
  ('delivery', 'DO-2001', 'd0000000-0000-0000-0000-000000000003', 'c0000000-0000-0000-0000-000000000003', -15, 'Rack C', 'Client X', 'Validated delivery'),
  ('delivery', 'DO-2002', 'd0000000-0000-0000-0000-000000000001', 'c0000000-0000-0000-0000-000000000001', -50, 'Rack A', 'Client Y', 'Validated delivery'),
  ('adjustment', 'ADJ-4001', 'd0000000-0000-0000-0000-000000000004', 'c0000000-0000-0000-0000-000000000001', -3, 'Rack A', 'Rack A', 'Physical count mismatch'),
  ('adjustment', 'ADJ-4002', 'd0000000-0000-0000-0000-000000000008', 'c0000000-0000-0000-0000-000000000001', -2, 'Rack A', 'Rack A', 'Damaged goods');
